subject_id,node_id,prob_abnormal
sub-002,0,0.09704946874185322
sub-002,1,0.1682234054100092
sub-002,2,0.08978882888505661
sub-002,3,0.14699522272809162
sub-002,4,0.11946732681027117
sub-002,5,0.22265379457068218
sub-002,6,0.11502488363487029
sub-002,7,0.10780106672781824
sub-002,8,0.09325914592682635
sub-002,9,0.17858165401121912
sub-002,10,0.26762710479737545
sub-002,11,0.23603368647536976
sub-002,12,0.10565699025420183
sub-002,13,0.10218340082887825
sub-002,14,0.2354162772660873
sub-002,15,0.8756798027351703
sub-002,16,0.1232152856979842
sub-002,17,0.10531081202982856
sub-002,18,0.11464179316245886
sub-002,19,0.1170349386439229
sub-002,20,0.10004215251690915
sub-002,21,0.49526844755213445
sub-002,22,0.386855403982392
sub-002,23,0.2100721635124166
sub-002,24,0.164750136884068
sub-002,25,0.08856774706728276
sub-002,26,0.20318719066741744
sub-002,27,0.1728033313054266
sub-002,28,0.08931946809584142
sub-002,29,0.13452798586350595
sub-002,30,0.11829624162418212
sub-002,31,0.09396883304670099
sub-002,32,0.3406306694813913
sub-002,33,0.1284320064920041
sub-002,34,0.08132621698383159
sub-002,35,0.1014119668797285
sub-002,36,0.10317544945020625
sub-002,37,0.10557104533988441
sub-002,38,0.1711038351036099
sub-002,39,0.5474847928100457
sub-002,40,0.15134588194925547
sub-002,41,0.09648769297338196
sub-002,42,0.0972258814030367
sub-002,43,0.19419297035588706
sub-002,44,0.1259353702993021
sub-002,45,0.452533396938956
sub-002,46,0.1257852851947759
sub-002,47,0.12083534052426918
sub-002,48,0.1598855166895433
sub-002,49,0.22968795172398226
sub-002,50,0.12021409243563952
sub-002,51,0.14581430688774252
sub-002,52,0.10837440853063035
sub-002,53,0.24346423788947721
sub-002,54,0.2075723479547801
sub-002,55,0.52283206102876
sub-002,56,0.42827347380704966
sub-002,57,0.1635422101252462
sub-002,58,0.1160720829551234
sub-002,59,0.14525114704007275
sub-002,60,0.27227296823887154
sub-002,61,0.2500121389695505
sub-002,62,0.08488277068293422
sub-002,63,0.08344900063163183
sub-002,64,0.1340023420136623
sub-002,65,0.4162651422395839
sub-002,66,0.11672965582069653
sub-002,67,0.2061551843354265
sub-003,0,0.03641945640570223
sub-003,1,0.032992204290503785
sub-003,2,0.01978813179273758
sub-003,3,0.027563374661293282
sub-003,4,0.09638311375294135
sub-003,5,0.02663037023203189
sub-003,6,0.03773088838778253
sub-003,7,0.022491161933972423
sub-003,8,0.10138953130715207
sub-003,9,0.026473790084750173
sub-003,10,0.021574353301166693
sub-003,11,0.03463878628009656
sub-003,12,0.027869595654825573
sub-003,13,0.0200383935346184
sub-003,14,0.024017508391382482
sub-003,15,0.03303810433633111
sub-003,16,0.022677095840541776
sub-003,17,0.02986380024400352
sub-003,18,0.021457893719328252
sub-003,19,0.033130996848378794
sub-003,20,0.04417260010960304
sub-003,21,0.08284622584103199
sub-003,22,0.027279303018793805
sub-003,23,0.9908452757726086
sub-003,24,0.02423262831716209
sub-003,25,0.027164033845446533
sub-003,26,0.19669294289314074
sub-003,27,0.037900444501288065
sub-003,28,0.02798541976139578
sub-003,29,0.029420542365076487
sub-003,30,0.026765982806248777
sub-003,31,0.023078366822527174
sub-003,32,0.027213411096347128
sub-003,33,0.0263769276445428
sub-003,34,0.8248611825654482
sub-003,35,0.2511245047219415
sub-003,36,0.027717146533941833
sub-003,37,0.42150959984873987
sub-003,38,0.10997008725352686
sub-003,39,0.7875924058377898
sub-003,40,0.9977557245705854
sub-003,41,0.5929419572210516
sub-003,42,0.19066200349679951
sub-003,43,0.7112597654364369
sub-003,44,0.10371087986685386
sub-003,45,0.611447913128006
sub-003,46,0.09493549570291525
sub-003,47,0.8334211987240365
sub-003,48,0.4301114012792736
sub-003,49,0.1920138604938499
sub-003,50,0.09577177594089496
sub-003,51,0.13641441503346668
sub-003,52,0.21514507856077902
sub-003,53,0.06557768285237552
sub-003,54,0.05811755222458469
sub-003,55,0.23455765492489272
sub-003,56,0.060424057408710825
sub-003,57,0.09535632707715806
sub-003,58,0.024169189105202302
sub-003,59,0.21652807575712346
sub-003,60,0.195481043625973
sub-003,61,0.19903845505870918
sub-003,62,0.9958362859548402
sub-003,63,0.998387607752079
sub-003,64,0.02585869498074381
sub-003,65,0.13512001321198963
sub-003,66,0.12447515454233574
sub-003,67,0.4072156070578065
sub-004,0,0.02867900947860887
sub-004,1,0.037654970100857436
sub-004,2,0.029221451135365194
sub-004,3,0.12459656486111009
sub-004,4,0.02185874514039862
sub-004,5,0.029882120684572102
sub-004,6,0.028393904688581467
sub-004,7,0.2179040288095258
sub-004,8,0.09243030250290438
sub-004,9,0.03013282604037426
sub-004,10,0.0308741192135395
sub-004,11,0.0948977856067411
sub-004,12,0.04588967946459421
sub-004,13,0.03177766857344083
sub-004,14,0.03157670971969678
sub-004,15,0.9904081766561057
sub-004,16,0.037025771872717016
sub-004,17,0.07794976748941686
sub-004,18,0.057537051341399734
sub-004,19,0.049192886973078755
sub-004,20,0.034533598058273426
sub-004,21,0.23913730800919708
sub-004,22,0.1384621352174534
sub-004,23,0.9971174889010705
sub-004,24,0.4495978997371448
sub-004,25,0.07089443521638517
sub-004,26,0.05217778284587054
sub-004,27,0.06227731602130709
sub-004,28,0.03151793894961856
sub-004,29,0.03425915122070191
sub-004,30,0.050705806702781915
sub-004,31,0.024986203005133448
sub-004,32,0.023166079083246447
sub-004,33,0.04589967504378401
sub-004,34,0.029358607917440525
sub-004,35,0.03250737742632666
sub-004,36,0.03810480317900525
sub-004,37,0.1272673897910688
sub-004,38,0.036707830522227085
sub-004,39,0.1921077610153167
sub-004,40,0.126261726603103
sub-004,41,0.08880993801348054
sub-004,42,0.06909831353257934
sub-004,43,0.5296116653583344
sub-004,44,0.04449139164950613
sub-004,45,0.9928474535269844
sub-004,46,0.05017382154783022
sub-004,47,0.07995057223091175
sub-004,48,0.05147751163700414
sub-004,49,0.4584264232621628
sub-004,50,0.033215376193898784
sub-004,51,0.04668243747061642
sub-004,52,0.034369909731024044
sub-004,53,0.15071967444740242
sub-004,54,0.2509013173477796
sub-004,55,0.15498886832428968
sub-004,56,0.06498355257227241
sub-004,57,0.11345293608721746
sub-004,58,0.03790223368405981
sub-004,59,0.037509293979260415
sub-004,60,0.0926239769412948
sub-004,61,0.3599976128107664
sub-004,62,0.2945565299642477
sub-004,63,0.06864964234954295
sub-004,64,0.0399223746026133
sub-004,65,0.3616598338677524
sub-004,66,0.04036072484636058
sub-004,67,0.991239080604416
sub-009,0,0.0650814243203624
sub-009,1,0.04119985165584482
sub-009,2,0.07272678582239911
sub-009,3,0.05913148437211242
sub-009,4,0.04740814488363311
sub-009,5,0.07483329961320172
sub-009,6,0.1398886210464737
sub-009,7,0.16946856420088302
sub-009,8,0.06849368535573777
sub-009,9,0.41943875127993907
sub-009,10,0.35303040959608545
sub-009,11,0.28064998030952715
sub-009,12,0.03901205106021893
sub-009,13,0.3961777649969359
sub-009,14,0.038655731073199355
sub-009,15,0.11034383144167426
sub-009,16,0.27614964363424366
sub-009,17,0.28293695959827786
sub-009,18,0.12564634763527519
sub-009,19,0.08577367871281621
sub-009,20,0.1773803268268453
sub-009,21,0.08278383497490673
sub-009,22,0.1590027368912142
sub-009,23,0.036667187974506715
sub-009,24,0.03452375991534282
sub-009,25,0.4735700716217928
sub-009,26,0.44640777715360436
sub-009,27,0.4756423674753832
sub-009,28,0.11261874081698822
sub-009,29,0.4927244582903991
sub-009,30,0.041135483941376845
sub-009,31,0.21196211269764295
sub-009,32,0.07470585638074394
sub-009,33,0.7292160417263334
sub-009,34,0.03742725284572557
sub-009,35,0.05204094992946846
sub-009,36,0.11801437910584463
sub-009,37,0.57772456236232
sub-009,38,0.03651336403018664
sub-009,39,0.2193679639263278
sub-009,40,0.34620609728780133
sub-009,41,0.18670736444892053
sub-009,42,0.046084727985871356
sub-009,43,0.07242568138403432
sub-009,44,0.15698275479663934
sub-009,45,0.9949942180562039
sub-009,46,0.047504247420176456
sub-009,47,0.05962420916399753
sub-009,48,0.05912699921832142
sub-009,49,0.12462891554266814
sub-009,50,0.04465540190931689
sub-009,51,0.03684149393853858
sub-009,52,0.046087886143223705
sub-009,53,0.6074317063296545
sub-009,54,0.10423111110296945
sub-009,55,0.062363592792867455
sub-009,56,0.4339936706921338
sub-009,57,0.09919636689306482
sub-009,58,0.03975556829374966
sub-009,59,0.08699837408244158
sub-009,60,0.0502598612078628
sub-009,61,0.1668469879018156
sub-009,62,0.0566173757305945
sub-009,63,0.03578136395508314
sub-009,64,0.0676913001971007
sub-009,65,0.044228995478951365
sub-009,66,0.038951573692346586
sub-009,67,0.24451788652293263
sub-016,0,0.9733257926015312
sub-016,1,0.17954906038102533
sub-016,2,0.03726230316283028
sub-016,3,0.3228927154612425
sub-016,4,0.04077393764765762
sub-016,5,0.07165116900876664
sub-016,6,0.45015271398028767
sub-016,7,0.07237624521016024
sub-016,8,0.9933186929716663
sub-016,9,0.14489071904955153
sub-016,10,0.13223370967162862
sub-016,11,0.11745209651568422
sub-016,12,0.040758143007487695
sub-016,13,0.3882652953672677
sub-016,14,0.059765096588947374
sub-016,15,0.05077365015406933
sub-016,16,0.048189305344914224
sub-016,17,0.04898918706560709
sub-016,18,0.10029002795442084
sub-016,19,0.10968486409579371
sub-016,20,0.0832711607164615
sub-016,21,0.1606675748241821
sub-016,22,0.044146296738615046
sub-016,23,0.10531408966821935
sub-016,24,0.10372907672750471
sub-016,25,0.04196518065383667
sub-016,26,0.06403349732234122
sub-016,27,0.14243241387390723
sub-016,28,0.5429754133660435
sub-016,29,0.11872750196675198
sub-016,30,0.03580810804308226
sub-016,31,0.0472614810403433
sub-016,32,0.0488172227577838
sub-016,33,0.062224295574444075
sub-016,34,0.09527689068444081
sub-016,35,0.9892083024277223
sub-016,36,0.043576520868007555
sub-016,37,0.9899770910624556
sub-016,38,0.05372676521345284
sub-016,39,0.11530210296121356
sub-016,40,0.18204045543522782
sub-016,41,0.05475363424422932
sub-016,42,0.8346365068742735
sub-016,43,0.07233302043665338
sub-016,44,0.041288749897075816
sub-016,45,0.19827260372957414
sub-016,46,0.03833254637277208
sub-016,47,0.05972113953740779
sub-016,48,0.5662499572434293
sub-016,49,0.0545963471686367
sub-016,50,0.055887293963978
sub-016,51,0.03937987359926198
sub-016,52,0.04049850933276582
sub-016,53,0.6524184111105024
sub-016,54,0.11429146450293064
sub-016,55,0.29864319553253965
sub-016,56,0.04733770176916298
sub-016,57,0.649403647003933
sub-016,58,0.12630080453729253
sub-016,59,0.059086035454017964
sub-016,60,0.0656763059071842
sub-016,61,0.9937168446394232
sub-016,62,0.08962392426291867
sub-016,63,0.21750533424111937
sub-016,64,0.036161459063649475
sub-016,65,0.04686796550354061
sub-016,66,0.0700822461466255
sub-016,67,0.1326442130901972
sub-020,0,0.04551628502032715
sub-020,1,0.4770919307875263
sub-020,2,0.29907360698519503
sub-020,3,0.06604311399842339
sub-020,4,0.07392359512739856
sub-020,5,0.039969078684519675
sub-020,6,0.03951511003245794
sub-020,7,0.04049605957241889
sub-020,8,0.9974162783578061
sub-020,9,0.040603465160783496
sub-020,10,0.07031762095982581
sub-020,11,0.4769001191039475
sub-020,12,0.30806862990755135
sub-020,13,0.892343251267239
sub-020,14,0.07672384714373412
sub-020,15,0.7610167442801008
sub-020,16,0.4149595414926003
sub-020,17,0.041369436659483186
sub-020,18,0.23106810205060938
sub-020,19,0.10368984064986675
sub-020,20,0.0692563736663619
sub-020,21,0.9964072297725672
sub-020,22,0.06101084533668051
sub-020,23,0.6800395586744841
sub-020,24,0.3816214008490142
sub-020,25,0.15621387222765162
sub-020,26,0.7444620384584735
sub-020,27,0.3068155580324792
sub-020,28,0.04231025360756202
sub-020,29,0.058430974931834176
sub-020,30,0.1544758086092206
sub-020,31,0.10763795451507173
sub-020,32,0.5289258961862975
sub-020,33,0.1345456450661197
sub-020,34,0.03912062515479511
sub-020,35,0.7242896030721255
sub-020,36,0.39934855265253655
sub-020,37,0.4059967158437102
sub-020,38,0.5574703756571773
sub-020,39,0.32358018098088803
sub-020,40,0.15544185500387236
sub-020,41,0.18000618984046374
sub-020,42,0.7420683149140342
sub-020,43,0.10059600624216995
sub-020,44,0.12276201412205348
sub-020,45,0.5717785710177179
sub-020,46,0.2381499731232975
sub-020,47,0.04457656212448445
sub-020,48,0.9928019187074464
sub-020,49,0.6851299406020179
sub-020,50,0.936540576891579
sub-020,51,0.035195060628719355
sub-020,52,0.08210614378613777
sub-020,53,0.19444003117933087
sub-020,54,0.18510123417401414
sub-020,55,0.7881815403940786
sub-020,56,0.34949613206929414
sub-020,57,0.9976531796221403
sub-020,58,0.04310805081174599
sub-020,59,0.6093807882523985
sub-020,60,0.6723092173497505
sub-020,61,0.12769424930641002
sub-020,62,0.04269227980226966
sub-020,63,0.08524764864928876
sub-020,64,0.053851769588224754
sub-020,65,0.119917260279301
sub-020,66,0.06341476900150908
sub-020,67,0.6748802319470627
sub-022,0,0.1432846936494437
sub-022,1,0.039414408978904324
sub-022,2,0.032440516883671375
sub-022,3,0.9972742474420624
sub-022,4,0.07605371664373425
sub-022,5,0.9969580282002738
sub-022,6,0.3335462002804261
sub-022,7,0.0639148228744834
sub-022,8,0.8454247222418552
sub-022,9,0.7846053267671814
sub-022,10,0.033420523781077606
sub-022,11,0.8769892315811068
sub-022,12,0.03200458065370504
sub-022,13,0.07418139243264477
sub-022,14,0.9972031712127138
sub-022,15,0.09503638227614408
sub-022,16,0.03402294548977265
sub-022,17,0.032858865657859226
sub-022,18,0.026519355696937096
sub-022,19,0.8289855222857139
sub-022,20,0.2899743972852949
sub-022,21,0.22930896044698465
sub-022,22,0.03875047524904282
sub-022,23,0.7467547631056373
sub-022,24,0.03571889027548609
sub-022,25,0.038265919217319665
sub-022,26,0.03816344792804414
sub-022,27,0.820663615694392
sub-022,28,0.13729055072466567
sub-022,29,0.03865404201558871
sub-022,30,0.03186974934033139
sub-022,31,0.036985454907606456
sub-022,32,0.03551304461186704
sub-022,33,0.062405073802767975
sub-022,34,0.02856062064239891
sub-022,35,0.08956133275966745
sub-022,36,0.03744005403059439
sub-022,37,0.6399952278233162
sub-022,38,0.04452467862278651
sub-022,39,0.03760838092245006
sub-022,40,0.028923005770562688
sub-022,41,0.06602642115841308
sub-022,42,0.9958384418224562
sub-022,43,0.04247395860542453
sub-022,44,0.03322660954012387
sub-022,45,0.7480663248000828
sub-022,46,0.028724510793941005
sub-022,47,0.03151686207287139
sub-022,48,0.05393160337903766
sub-022,49,0.11711775243659511
sub-022,50,0.028412837367644418
sub-022,51,0.031592886719727174
sub-022,52,0.03222662102706467
sub-022,53,0.17489221894564919
sub-022,54,0.4854464378451444
sub-022,55,0.1522807896610021
sub-022,56,0.03722501753140019
sub-022,57,0.4411994549218873
sub-022,58,0.03644781022990341
sub-022,59,0.03435501547049753
sub-022,60,0.035164277662775745
sub-022,61,0.47539588554304474
sub-022,62,0.03533244150147257
sub-022,63,0.1450366497880405
sub-022,64,0.02646613649937201
sub-022,65,0.030610825126927005
sub-022,66,0.032112218132586336
sub-022,67,0.04271036406492919
sub-027,0,0.07923295631689162
sub-027,1,0.08676581658267786
sub-027,2,0.19058311618282078
sub-027,3,0.07230494317016009
sub-027,4,0.07159406570426141
sub-027,5,0.29364417928855724
sub-027,6,0.10586379189875351
sub-027,7,0.07306808024619021
sub-027,8,0.0986310941627419
sub-027,9,0.06676812748402851
sub-027,10,0.08569060252385483
sub-027,11,0.07021929736798019
sub-027,12,0.07613284422043495
sub-027,13,0.09037821239345135
sub-027,14,0.07463169600512756
sub-027,15,0.09722181503564571
sub-027,16,0.6685410452902278
sub-027,17,0.3563839187437359
sub-027,18,0.3020407911846273
sub-027,19,0.08000487312450258
sub-027,20,0.35638014589290157
sub-027,21,0.11610411266527353
sub-027,22,0.09367795483910256
sub-027,23,0.07822781171518166
sub-027,24,0.07242973292035508
sub-027,25,0.22795958638928626
sub-027,26,0.108103560244005
sub-027,27,0.11224294795788538
sub-027,28,0.18419868152729446
sub-027,29,0.3503420382209177
sub-027,30,0.08334680279574476
sub-027,31,0.0867371279813105
sub-027,32,0.4743165024726929
sub-027,33,0.07158811475143792
sub-027,34,0.08048186820048168
sub-027,35,0.20612105802853117
sub-027,36,0.20342457475788878
sub-027,37,0.1171281746905678
sub-027,38,0.07727369793777761
sub-027,39,0.07226125998491786
sub-027,40,0.2461839990288179
sub-027,41,0.0672101509841936
sub-027,42,0.07502814798029571
sub-027,43,0.11846819045636897
sub-027,44,0.3656631201952401
sub-027,45,0.20289521430839946
sub-027,46,0.07172415548353187
sub-027,47,0.08043882165157326
sub-027,48,0.1344896730703287
sub-027,49,0.08841405426803821
sub-027,50,0.14093642142214532
sub-027,51,0.6523850501670653
sub-027,52,0.2337653042815826
sub-027,53,0.09781993528522859
sub-027,54,0.13171202878204222
sub-027,55,0.07872205701183335
sub-027,56,0.16709720274413672
sub-027,57,0.2970978807334085
sub-027,58,0.08306608679809739
sub-027,59,0.2554338086236442
sub-027,60,0.07775840625920415
sub-027,61,0.09231241476493048
sub-027,62,0.07920234562570477
sub-027,63,0.12396427667571529
sub-027,64,0.16161318926833326
sub-027,65,0.10358942772457194
sub-027,66,0.15766946637072912
sub-027,67,0.07519070439821374
sub-048,0,0.07077731951167918
sub-048,1,0.07255906394188436
sub-048,2,0.5877983410308623
sub-048,3,0.4516281430776489
sub-048,4,0.039165997343234164
sub-048,5,0.0529871725066707
sub-048,6,0.2037375297415414
sub-048,7,0.06107491217568434
sub-048,8,0.5931412446111315
sub-048,9,0.14279013468173185
sub-048,10,0.5747919531575326
sub-048,11,0.054442949314271884
sub-048,12,0.05534063285360887
sub-048,13,0.07733292753975887
sub-048,14,0.054750644952893585
sub-048,15,0.5951362798632677
sub-048,16,0.725268126591129
sub-048,17,0.04313642568711866
sub-048,18,0.2000397606610836
sub-048,19,0.05654808776146444
sub-048,20,0.557201492830264
sub-048,21,0.040347382205415776
sub-048,22,0.9946501782103112
sub-048,23,0.23197932505130067
sub-048,24,0.08668047959898265
sub-048,25,0.9922927040357067
sub-048,26,0.6221029365226562
sub-048,27,0.3021347134802149
sub-048,28,0.043481027117314115
sub-048,29,0.7716789259893533
sub-048,30,0.06239180557074163
sub-048,31,0.03916375373486434
sub-048,32,0.2683674339266217
sub-048,33,0.5327154622596996
sub-048,34,0.036396872179074315
sub-048,35,0.06087299699380061
sub-048,36,0.8659174295052469
sub-048,37,0.08233487019765628
sub-048,38,0.09442901354268907
sub-048,39,0.16180727676165022
sub-048,40,0.7518513428332531
sub-048,41,0.32211067480138816
sub-048,42,0.05805958698030645
sub-048,43,0.0667142131415582
sub-048,44,0.14362529718028852
sub-048,45,0.049433018047252336
sub-048,46,0.05343088982878518
sub-048,47,0.2056073089466584
sub-048,48,0.07587599081287366
sub-048,49,0.30942264085959476
sub-048,50,0.474791983795722
sub-048,51,0.06590325467837892
sub-048,52,0.5404346938134647
sub-048,53,0.08674650581467268
sub-048,54,0.8645032119986603
sub-048,55,0.423028255714449
sub-048,56,0.9952103504115755
sub-048,57,0.1149983038109635
sub-048,58,0.05602223465247222
sub-048,59,0.9935620042459832
sub-048,60,0.9902902818147811
sub-048,61,0.7609638436973444
sub-048,62,0.06585518799555867
sub-048,63,0.0934364259626708
sub-048,64,0.06147546896229708
sub-048,65,0.07853963351462478
sub-048,66,0.04870121124059738
sub-048,67,0.8787340029106337
sub-055,0,0.8194945739784766
sub-055,1,0.094496288672187
sub-055,2,0.10869831536519585
sub-055,3,0.17025290002976104
sub-055,4,0.1196680280368027
sub-055,5,0.6677485449594627
sub-055,6,0.7216520136689566
sub-055,7,0.5603734427509862
sub-055,8,0.10003384780978138
sub-055,9,0.24863633650045258
sub-055,10,0.09253658171771076
sub-055,11,0.570377389984157
sub-055,12,0.11044127168344187
sub-055,13,0.49923804084250906
sub-055,14,0.17432006796817678
sub-055,15,0.10388455423856408
sub-055,16,0.119572827048677
sub-055,17,0.0936724065321786
sub-055,18,0.11505658063642914
sub-055,19,0.38639747415101344
sub-055,20,0.31928165100329303
sub-055,21,0.10990093200467699
sub-055,22,0.11775867201766396
sub-055,23,0.10087113495494446
sub-055,24,0.09016726203837819
sub-055,25,0.11809302875418827
sub-055,26,0.09404992959574678
sub-055,27,0.6243970807214799
sub-055,28,0.8606089700637982
sub-055,29,0.509939620489707
sub-055,30,0.09025185108693262
sub-055,31,0.19223381962439157
sub-055,32,0.20801090105605038
sub-055,33,0.15056236171432735
sub-055,34,0.7968273489180744
sub-055,35,0.7827420677341281
sub-055,36,0.09192709348819524
sub-055,37,0.27648331744235133
sub-055,38,0.10470650874418516
sub-055,39,0.10482118126423824
sub-055,40,0.3766714036129903
sub-055,41,0.21270331535071438
sub-055,42,0.8026844293983229
sub-055,43,0.13738896545977228
sub-055,44,0.10947846493269112
sub-055,45,0.09450955233017284
sub-055,46,0.09689371577018784
sub-055,47,0.2203488941287554
sub-055,48,0.18240291757476773
sub-055,49,0.2202317311810389
sub-055,50,0.09944620237500547
sub-055,51,0.43853732288920494
sub-055,52,0.0998103621504252
sub-055,53,0.24457884439630515
sub-055,54,0.10511982424960437
sub-055,55,0.09709911153040168
sub-055,56,0.09779088498636766
sub-055,57,0.11724262265591781
sub-055,58,0.0921978458852018
sub-055,59,0.09781162748511113
sub-055,60,0.09170228154698676
sub-055,61,0.13822431987601133
sub-055,62,0.9310704497742176
sub-055,63,0.7885226671437259
sub-055,64,0.09186450640071046
sub-055,65,0.09153399589986146
sub-055,66,0.5093691908750843
sub-055,67,0.2347652003281226
sub-057,0,0.03526765911072814
sub-057,1,0.08681690563602773
sub-057,2,0.10599235476785801
sub-057,3,0.2683740148483426
sub-057,4,0.949024054438194
sub-057,5,0.13445345496694558
sub-057,6,0.030744228466647528
sub-057,7,0.19608398947826847
sub-057,8,0.5578181442552019
sub-057,9,0.08373479482101201
sub-057,10,0.028039980644079296
sub-057,11,0.2700674112865388
sub-057,12,0.04881477880108887
sub-057,13,0.057403291358123866
sub-057,14,0.09356930406129067
sub-057,15,0.03925084204374102
sub-057,16,0.06247276320880304
sub-057,17,0.03415921851784552
sub-057,18,0.0370509875594185
sub-057,19,0.6721820630823412
sub-057,20,0.03509575026492544
sub-057,21,0.9958483609401693
sub-057,22,0.03978107343392957
sub-057,23,0.9966182431592019
sub-057,24,0.49196643447481003
sub-057,25,0.04154101474869677
sub-057,26,0.034432044854348164
sub-057,27,0.23984978081666058
sub-057,28,0.044396344807738145
sub-057,29,0.03686070304273886
sub-057,30,0.02778592157415143
sub-057,31,0.039694875046807035
sub-057,32,0.03014233640213421
sub-057,33,0.06606756741467684
sub-057,34,0.02790871860411833
sub-057,35,0.08622361699536858
sub-057,36,0.09847974384759543
sub-057,37,0.9934949635387588
sub-057,38,0.033776186766043124
sub-057,39,0.047102719465287775
sub-057,40,0.041551998708158296
sub-057,41,0.052248466968663955
sub-057,42,0.24187860165624178
sub-057,43,0.06777203378258345
sub-057,44,0.03890089984615195
sub-057,45,0.059503464600862414
sub-057,46,0.03723320556673241
sub-057,47,0.03638374064284294
sub-057,48,0.08714126874225626
sub-057,49,0.11141543115900959
sub-057,50,0.5127533758216766
sub-057,51,0.08303619109278441
sub-057,52,0.06325282527874083
sub-057,53,0.14799308589384205
sub-057,54,0.043923710163272844
sub-057,55,0.05459848776858113
sub-057,56,0.10835738831562264
sub-057,57,0.4357121422087504
sub-057,58,0.03804769405667382
sub-057,59,0.04646099873873669
sub-057,60,0.05864073533636982
sub-057,61,0.450124924090259
sub-057,62,0.04034759051843322
sub-057,63,0.10291915493011707
sub-057,64,0.03075234110716592
sub-057,65,0.030009665043134886
sub-057,66,0.03806184615464197
sub-057,67,0.09339915894625171
sub-061,0,0.03158910514099753
sub-061,1,0.026369983742722692
sub-061,2,0.2533085347902415
sub-061,3,0.23995425735113066
sub-061,4,0.02358496070166387
sub-061,5,0.07224974123490945
sub-061,6,0.04511927677557363
sub-061,7,0.08355114974620033
sub-061,8,0.05622413965857646
sub-061,9,0.09015359588022531
sub-061,10,0.02469478561020035
sub-061,11,0.02572852618504327
sub-061,12,0.023644562931130285
sub-061,13,0.0228281446985069
sub-061,14,0.3085473409062204
sub-061,15,0.10423586210206179
sub-061,16,0.0213614316184428
sub-061,17,0.021633882520867582
sub-061,18,0.03403122104813551
sub-061,19,0.026453357723267113
sub-061,20,0.10067040181009577
sub-061,21,0.5873062380814429
sub-061,22,0.34311148398532976
sub-061,23,0.22794291874573086
sub-061,24,0.0261555886173451
sub-061,25,0.027185577268191725
sub-061,26,0.13579141224595598
sub-061,27,0.263040476999014
sub-061,28,0.028091751844561984
sub-061,29,0.04781565481888682
sub-061,30,0.023909365066773047
sub-061,31,0.062273944523855054
sub-061,32,0.0325086190916143
sub-061,33,0.032896311330266964
sub-061,34,0.02496126997477541
sub-061,35,0.12765592179628077
sub-061,36,0.04585802026821127
sub-061,37,0.027213211712595817
sub-061,38,0.028179503620895885
sub-061,39,0.034106167047586976
sub-061,40,0.04423310974189525
sub-061,41,0.048360964806855755
sub-061,42,0.0694878144800317
sub-061,43,0.032837999639812314
sub-061,44,0.030319668563498738
sub-061,45,0.030814179739980744
sub-061,46,0.02541864931504331
sub-061,47,0.03731511646767039
sub-061,48,0.04362906389725172
sub-061,49,0.995521254631926
sub-061,50,0.2577271162294357
sub-061,51,0.03446925783439918
sub-061,52,0.036049440658327735
sub-061,53,0.02454336960148508
sub-061,54,0.1191423424019284
sub-061,55,0.40060751317995236
sub-061,56,0.2833751712845819
sub-061,57,0.06016867126596609
sub-061,58,0.032325667973474234
sub-061,59,0.026078417104674245
sub-061,60,0.27286793800576714
sub-061,61,0.6928726747311961
sub-061,62,0.07629187958008227
sub-061,63,0.3073910877597852
sub-061,64,0.02107045368326604
sub-061,65,0.02946405025313557
sub-061,66,0.13594838099889564
sub-061,67,0.04009182691754672
sub-066,0,0.2906768329931383
sub-066,1,0.8942746381975165
sub-066,2,0.14264855814077285
sub-066,3,0.19931770879031988
sub-066,4,0.22402055745152072
sub-066,5,0.7053769057842496
sub-066,6,0.44449341213057336
sub-066,7,0.8618833646397918
sub-066,8,0.6989682294858198
sub-066,9,0.8780559638597787
sub-066,10,0.6282835411406605
sub-066,11,0.6744643684969641
sub-066,12,0.9235401976874972
sub-066,13,0.8092506050300874
sub-066,14,0.8436185596672735
sub-066,15,0.4690133785272584
sub-066,16,0.5099317822914812
sub-066,17,0.734611020497091
sub-066,18,0.5062510784825609
sub-066,19,0.8858645160723538
sub-066,20,0.5193979723753952
sub-066,21,0.9077945240452132
sub-066,22,0.7160132222865062
sub-066,23,0.8711162043928983
sub-066,24,0.14541520851868805
sub-066,25,0.2796421118333377
sub-066,26,0.32410752879906707
sub-066,27,0.8171633303771592
sub-066,28,0.8429726848692793
sub-066,29,0.6237892124804071
sub-066,30,0.07626500656239203
sub-066,31,0.5234361813744136
sub-066,32,0.9206306507880601
sub-066,33,0.8266381302321232
sub-066,34,0.08466720034947624
sub-066,35,0.2479487367476181
sub-066,36,0.09486489892301987
sub-066,37,0.12177654677347571
sub-066,38,0.08808156295183965
sub-066,39,0.07926735780953881
sub-066,40,0.1510439024373108
sub-066,41,0.1270218569426083
sub-066,42,0.24278423943853275
sub-066,43,0.09722141948819953
sub-066,44,0.13083104086112118
sub-066,45,0.10369645139036784
sub-066,46,0.22606149851225088
sub-066,47,0.38480845167327615
sub-066,48,0.2540844247012565
sub-066,49,0.26226968557676766
sub-066,50,0.07586433499511004
sub-066,51,0.09530697035435459
sub-066,52,0.07090869191915408
sub-066,53,0.1491765906411771
sub-066,54,0.2376048092542567
sub-066,55,0.1756824506721595
sub-066,56,0.1398703024039425
sub-066,57,0.15735691664935778
sub-066,58,0.12480211061560076
sub-066,59,0.15538283586358245
sub-066,60,0.17274155785035006
sub-066,61,0.5984533849614171
sub-066,62,0.10406383878437614
sub-066,63,0.07712942052968981
sub-066,64,0.09596080714372875
sub-066,65,0.07392738226001543
sub-066,66,0.08093706930543446
sub-066,67,0.08369926546450546
sub-069,0,0.12513688131048645
sub-069,1,0.42976745070264544
sub-069,2,0.12993208653204233
sub-069,3,0.1206586526739482
sub-069,4,0.5384220758313324
sub-069,5,0.6143581779716798
sub-069,6,0.9643425256889673
sub-069,7,0.6903012544546889
sub-069,8,0.7175340763480763
sub-069,9,0.23136246226452573
sub-069,10,0.9549411541729197
sub-069,11,0.9935759883083539
sub-069,12,0.09094514985432463
sub-069,13,0.19535518632594867
sub-069,14,0.7978783158489368
sub-069,15,0.18047961158053044
sub-069,16,0.4257543720606825
sub-069,17,0.06681699562454699
sub-069,18,0.09102282538888565
sub-069,19,0.21594544340191324
sub-069,20,0.5518875268050855
sub-069,21,0.13606434047910113
sub-069,22,0.38791148103357737
sub-069,23,0.6936214021075617
sub-069,24,0.0843309335524545
sub-069,25,0.08930354118024535
sub-069,26,0.40276081902467153
sub-069,27,0.2634917062677567
sub-069,28,0.1657842834564752
sub-069,29,0.34327459526991005
sub-069,30,0.055781993864309584
sub-069,31,0.3163209111746628
sub-069,32,0.48006213889268967
sub-069,33,0.21494221515989437
sub-069,34,0.08994979410835288
sub-069,35,0.048111883715842005
sub-069,36,0.4749026387360877
sub-069,37,0.05805589175235395
sub-069,38,0.13123914158694575
sub-069,39,0.24851581698572417
sub-069,40,0.3889737918824764
sub-069,41,0.3206838214584745
sub-069,42,0.12631762065541857
sub-069,43,0.07763081869197035
sub-069,44,0.11791422626904008
sub-069,45,0.18098112404603167
sub-069,46,0.0440752058574171
sub-069,47,0.10761048658375226
sub-069,48,0.08322045725623153
sub-069,49,0.09241175200907928
sub-069,50,0.5330689091359976
sub-069,51,0.4210271691755384
sub-069,52,0.10713146049141051
sub-069,53,0.08135532966125643
sub-069,54,0.1624186460929909
sub-069,55,0.0927805038260106
sub-069,56,0.43337640134441524
sub-069,57,0.18892630754298367
sub-069,58,0.07089065793067816
sub-069,59,0.987043817954607
sub-069,60,0.49233922958950693
sub-069,61,0.21003645175900876
sub-069,62,0.03646307422616829
sub-069,63,0.09041643691236002
sub-069,64,0.04543061244477688
sub-069,65,0.21891007877431798
sub-069,66,0.030878054102914002
sub-069,67,0.10319523825565724
sub-076,0,0.023303463495248873
sub-076,1,0.04608634577241875
sub-076,2,0.08113428569610888
sub-076,3,0.02875261208673215
sub-076,4,0.02536280374899663
sub-076,5,0.029333294204032405
sub-076,6,0.026603706280138088
sub-076,7,0.02926355791971898
sub-076,8,0.05450667062225294
sub-076,9,0.03153488784355585
sub-076,10,0.14207450472410846
sub-076,11,0.02622771928274711
sub-076,12,0.08955996275611114
sub-076,13,0.03141501011437038
sub-076,14,0.03355552950599051
sub-076,15,0.047521374226023975
sub-076,16,0.05308815392854963
sub-076,17,0.04185008138771998
sub-076,18,0.04011065595088107
sub-076,19,0.02343927242348915
sub-076,20,0.027767441360829644
sub-076,21,0.0343182589727518
sub-076,22,0.03224712037036919
sub-076,23,0.03061821310400712
sub-076,24,0.054199623237190214
sub-076,25,0.09397060065771959
sub-076,26,0.12863445928606893
sub-076,27,0.028098088625139583
sub-076,28,0.03051601512721986
sub-076,29,0.032255738077783376
sub-076,30,0.08863720202378532
sub-076,31,0.030553324405462913
sub-076,32,0.025192465413559472
sub-076,33,0.02798175806570284
sub-076,34,0.06603373186449848
sub-076,35,0.14563300551132985
sub-076,36,0.03309085843337753
sub-076,37,0.025770390665635634
sub-076,38,0.02590695068416505
sub-076,39,0.11011109801105032
sub-076,40,0.9955049100241279
sub-076,41,0.04233801604026992
sub-076,42,0.026395413243419742
sub-076,43,0.11138374800497162
sub-076,44,0.5059317712265975
sub-076,45,0.03330294837959949
sub-076,46,0.02807773918109998
sub-076,47,0.077156846588953
sub-076,48,0.028348826830742156
sub-076,49,0.03928955772650346
sub-076,50,0.8467121532208712
sub-076,51,0.7342256063277824
sub-076,52,0.9944587360776022
sub-076,53,0.03715471013200729
sub-076,54,0.2138980444691873
sub-076,55,0.07518872511833168
sub-076,56,0.5219876266575227
sub-076,57,0.030513797430370245
sub-076,58,0.024105676314420798
sub-076,59,0.9973960469718336
sub-076,60,0.15154607540314327
sub-076,61,0.07710258020699785
sub-076,62,0.17005032726432975
sub-076,63,0.2514102799144504
sub-076,64,0.05387226097900636
sub-076,65,0.029755869971957637
sub-076,66,0.03807502207145095
sub-076,67,0.5103173681545476
sub-079,0,0.033201797324220336
sub-079,1,0.2562630425322163
sub-079,2,0.5397582558877373
sub-079,3,0.04337487389746452
sub-079,4,0.9689640105749148
sub-079,5,0.3454724651040928
sub-079,6,0.5041894007101303
sub-079,7,0.7744877885466445
sub-079,8,0.1974154908983728
sub-079,9,0.18233594066815503
sub-079,10,0.05535246254475787
sub-079,11,0.3487936922769255
sub-079,12,0.06242976039973928
sub-079,13,0.18021059716633003
sub-079,14,0.781020231254565
sub-079,15,0.761466673871417
sub-079,16,0.7604108711229017
sub-079,17,0.07808885406956928
sub-079,18,0.03651459210927609
sub-079,19,0.07600215507341995
sub-079,20,0.8295141121336833
sub-079,21,0.7632609970491708
sub-079,22,0.8199806437866572
sub-079,23,0.7905144125245688
sub-079,24,0.03505207252432801
sub-079,25,0.10321313673650336
sub-079,26,0.7838200679076093
sub-079,27,0.7188871773699048
sub-079,28,0.6430349714256827
sub-079,29,0.13448665213811573
sub-079,30,0.032073809639354245
sub-079,31,0.09290441168149638
sub-079,32,0.12119164100765337
sub-079,33,0.7190853388990704
sub-079,34,0.06853563642516561
sub-079,35,0.7111746652634751
sub-079,36,0.6518173210441547
sub-079,37,0.0627901045550686
sub-079,38,0.33871285005595336
sub-079,39,0.6659148690636512
sub-079,40,0.28126835991590465
sub-079,41,0.996312395608992
sub-079,42,0.780079400013404
sub-079,43,0.40227611408386477
sub-079,44,0.6982903680938858
sub-079,45,0.16342199000767194
sub-079,46,0.6038685894026424
sub-079,47,0.2248432021425765
sub-079,48,0.29715554940680544
sub-079,49,0.34481859199233583
sub-079,50,0.06102874528404985
sub-079,51,0.16863147368167986
sub-079,52,0.1525420646435315
sub-079,53,0.039227568674523
sub-079,54,0.3404765590276767
sub-079,55,0.9957557767787947
sub-079,56,0.9793183469305471
sub-079,57,0.7313826388999347
sub-079,58,0.06983972698726688
sub-079,59,0.23341770824476915
sub-079,60,0.6619836351005398
sub-079,61,0.9975831299254058
sub-079,62,0.9950069065283011
sub-079,63,0.10037504281157128
sub-079,64,0.02691384987938697
sub-079,65,0.6281675631211201
sub-079,66,0.1065124121172631
sub-079,67,0.08953497780859278
sub-081,0,0.1362971158569004
sub-081,1,0.16009461087604754
sub-081,2,0.14999152126091167
sub-081,3,0.5191127658465591
sub-081,4,0.46694447193473765
sub-081,5,0.7949513516086282
sub-081,6,0.12611592012642767
sub-081,7,0.258422362896643
sub-081,8,0.3560965488322673
sub-081,9,0.6887013905539614
sub-081,10,0.7483586530424484
sub-081,11,0.2810031609915933
sub-081,12,0.1480588901126028
sub-081,13,0.6506904644148658
sub-081,14,0.8671882632675624
sub-081,15,0.09768976038089937
sub-081,16,0.1290112277984295
sub-081,17,0.8107582939355172
sub-081,18,0.14793570887344817
sub-081,19,0.3726785819390408
sub-081,20,0.14651804706551888
sub-081,21,0.1719286746469277
sub-081,22,0.2952155393334927
sub-081,23,0.7062927224180177
sub-081,24,0.7461992758659044
sub-081,25,0.7836185009832576
sub-081,26,0.5218568955547026
sub-081,27,0.15512816893997866
sub-081,28,0.4087390770122264
sub-081,29,0.10911813614634748
sub-081,30,0.15676509367876396
sub-081,31,0.11897535550349463
sub-081,32,0.10763071794713415
sub-081,33,0.8642825986367275
sub-081,34,0.10099591927515146
sub-081,35,0.1615576602991625
sub-081,36,0.34880141281544425
sub-081,37,0.11393896007322672
sub-081,38,0.0939526677695681
sub-081,39,0.09331861495645734
sub-081,40,0.10848583635815527
sub-081,41,0.108753390131087
sub-081,42,0.33044391141689516
sub-081,43,0.09874422194335178
sub-081,44,0.12981280851786675
sub-081,45,0.09695002253458368
sub-081,46,0.13374662188843658
sub-081,47,0.09297193895066069
sub-081,48,0.09866538512306355
sub-081,49,0.22347298923748402
sub-081,50,0.11620596307975058
sub-081,51,0.20775924640409543
sub-081,52,0.3133060134925078
sub-081,53,0.1052400522556622
sub-081,54,0.7451148785896716
sub-081,55,0.10225968841161728
sub-081,56,0.134019399791351
sub-081,57,0.0952319142289403
sub-081,58,0.09807034342798303
sub-081,59,0.1164836283208519
sub-081,60,0.20961966159356332
sub-081,61,0.10371155524461254
sub-081,62,0.095055750576551
sub-081,63,0.1953161615924928
sub-081,64,0.49138846376366857
sub-081,65,0.09530964330665666
sub-081,66,0.09482344624923424
sub-081,67,0.10456973708179029
sub-083,0,0.03190398940176433
sub-083,1,0.07137971246332162
sub-083,2,0.05207424973641561
sub-083,3,0.1384545099919811
sub-083,4,0.05678277370410449
sub-083,5,0.05424708276607673
sub-083,6,0.12233929518903139
sub-083,7,0.04819836668647848
sub-083,8,0.33540607435080133
sub-083,9,0.043511490805934416
sub-083,10,0.03324692444253641
sub-083,11,0.22881598591605196
sub-083,12,0.049867765855433295
sub-083,13,0.046634256275236985
sub-083,14,0.12725779496836206
sub-083,15,0.1931386481535766
sub-083,16,0.6556922881420172
sub-083,17,0.03791605029539624
sub-083,18,0.04731175514348743
sub-083,19,0.17444552780097225
sub-083,20,0.9533404666155053
sub-083,21,0.11709209019856923
sub-083,22,0.07990128229710838
sub-083,23,0.09329776174146528
sub-083,24,0.11875309763856214
sub-083,25,0.0450979170037047
sub-083,26,0.205430730559302
sub-083,27,0.9521260542853167
sub-083,28,0.05982653375048627
sub-083,29,0.4019679369808158
sub-083,30,0.08953279963010011
sub-083,31,0.03850712996444795
sub-083,32,0.16340378709080428
sub-083,33,0.0613869663716202
sub-083,34,0.6091495693887377
sub-083,35,0.8018818633946942
sub-083,36,0.2126111886301266
sub-083,37,0.9645824833027582
sub-083,38,0.7631735335864002
sub-083,39,0.47473569568457186
sub-083,40,0.23204191314057174
sub-083,41,0.3301396806855184
sub-083,42,0.4511328988790621
sub-083,43,0.43330274951528214
sub-083,44,0.07498930652382137
sub-083,45,0.20347684227179713
sub-083,46,0.05800811188788487
sub-083,47,0.6128331240872943
sub-083,48,0.3448780598152522
sub-083,49,0.34903295718355487
sub-083,50,0.04089312274046658
sub-083,51,0.03766386386397738
sub-083,52,0.042809369176020975
sub-083,53,0.26306865206069124
sub-083,54,0.07197934371872387
sub-083,55,0.2170395495656523
sub-083,56,0.09244282902626919
sub-083,57,0.9913837897529925
sub-083,58,0.3272344782764598
sub-083,59,0.05799446826644419
sub-083,60,0.05159876710050177
sub-083,61,0.27566385284802186
sub-083,62,0.9903656305226157
sub-083,63,0.06964671175046518
sub-083,64,0.035786843796485925
sub-083,65,0.9897675090433152
sub-083,66,0.058509729808145006
sub-083,67,0.22232861910271287
sub-084,0,0.11007955247695755
sub-084,1,0.47405521339751266
sub-084,2,0.3540613158043937
sub-084,3,0.11912927349069671
sub-084,4,0.6421918182942229
sub-084,5,0.11146779754363238
sub-084,6,0.28985766359998993
sub-084,7,0.2535871876879133
sub-084,8,0.8457443137949837
sub-084,9,0.10666796198950079
sub-084,10,0.8944970640463946
sub-084,11,0.26175022881525556
sub-084,12,0.6273700594929128
sub-084,13,0.3386357523321658
sub-084,14,0.8108519887841115
sub-084,15,0.17796476933382152
sub-084,16,0.855597240640596
sub-084,17,0.8910671937048571
sub-084,18,0.8448613656600437
sub-084,19,0.6000409453217438
sub-084,20,0.1332524499351213
sub-084,21,0.09658526712633175
sub-084,22,0.6509766349081947
sub-084,23,0.6799546849493838
sub-084,24,0.4939120485442115
sub-084,25,0.6243723893343575
sub-084,26,0.9660083100646574
sub-084,27,0.2820669077210444
sub-084,28,0.4879424179012602
sub-084,29,0.192958268276662
sub-084,30,0.481177869309256
sub-084,31,0.12175937741528244
sub-084,32,0.22478014266205582
sub-084,33,0.4890490553553049
sub-084,34,0.08555896435929038
sub-084,35,0.1563249116263659
sub-084,36,0.47303577125780527
sub-084,37,0.8985956049562516
sub-084,38,0.08721304060873208
sub-084,39,0.22062703237644074
sub-084,40,0.07955959929877096
sub-084,41,0.6375777336047012
sub-084,42,0.10684745903225026
sub-084,43,0.11130316113408173
sub-084,44,0.2059439087485188
sub-084,45,0.10666534310582217
sub-084,46,0.0840142451846285
sub-084,47,0.11063439574842514
sub-084,48,0.5279007945907841
sub-084,49,0.46811810000540793
sub-084,50,0.8742139026627851
sub-084,51,0.11260048314396832
sub-084,52,0.0938519571240921
sub-084,53,0.10551745673756015
sub-084,54,0.08430899774376549
sub-084,55,0.1145477404079319
sub-084,56,0.31132922541583197
sub-084,57,0.12763766888245057
sub-084,58,0.08417204464239751
sub-084,59,0.2034809962213347
sub-084,60,0.4911543928305124
sub-084,61,0.17939850077489827
sub-084,62,0.11287690864939967
sub-084,63,0.08460630158517118
sub-084,64,0.09074948368172889
sub-084,65,0.07794528321216349
sub-084,66,0.0846499377884842
sub-084,67,0.44725644193239444
sub-094,0,0.08411170376853794
sub-094,1,0.09488143330061595
sub-094,2,0.24136052685208956
sub-094,3,0.42782276587563517
sub-094,4,0.5513696337812043
sub-094,5,0.7890116811078124
sub-094,6,0.23697270028330814
sub-094,7,0.8998095300570418
sub-094,8,0.27261244153984904
sub-094,9,0.4961184694068154
sub-094,10,0.08324027901000322
sub-094,11,0.7818912457671913
sub-094,12,0.8017390931765559
sub-094,13,0.6231244190013653
sub-094,14,0.2778858245235129
sub-094,15,0.12329703183905498
sub-094,16,0.1583541781921448
sub-094,17,0.08693841473455971
sub-094,18,0.12354319277767023
sub-094,19,0.22973045344979162
sub-094,20,0.1706570886435763
sub-094,21,0.2594782954011007
sub-094,22,0.10580757095798649
sub-094,23,0.9292893395393644
sub-094,24,0.11386826481591764
sub-094,25,0.3062828305237306
sub-094,26,0.44850471156770555
sub-094,27,0.6998125969930779
sub-094,28,0.11561670914391718
sub-094,29,0.11055537394496324
sub-094,30,0.09482065907748619
sub-094,31,0.851743209273412
sub-094,32,0.07498345224283182
sub-094,33,0.13873010069620123
sub-094,34,0.12231197277277911
sub-094,35,0.18041729123602843
sub-094,36,0.2544975031615791
sub-094,37,0.7190560545589796
sub-094,38,0.29420321620523165
sub-094,39,0.7733929278730735
sub-094,40,0.3378121878078308
sub-094,41,0.8084423106297497
sub-094,42,0.8537130844414943
sub-094,43,0.5474407692492522
sub-094,44,0.12582044474784235
sub-094,45,0.9282864076679903
sub-094,46,0.16333329623306864
sub-094,47,0.5408900216603436
sub-094,48,0.9603614313602977
sub-094,49,0.65389905380922
sub-094,50,0.1608503455930742
sub-094,51,0.09190824641097317
sub-094,52,0.2701425870932506
sub-094,53,0.494116860583541
sub-094,54,0.76163805871191
sub-094,55,0.15033021376768818
sub-094,56,0.5429164026045474
sub-094,57,0.850355859283836
sub-094,58,0.08813035299313855
sub-094,59,0.46237011544299894
sub-094,60,0.2933034307094554
sub-094,61,0.9387401296010666
sub-094,62,0.9165748321400214
sub-094,63,0.8924474267477863
sub-094,64,0.11253588132340554
sub-094,65,0.6497073857022144
sub-094,66,0.8978708396557071
sub-094,67,0.9101389478972498
sub-104,0,0.03068722842898771
sub-104,1,0.523635772527597
sub-104,2,0.03825071260835811
sub-104,3,0.29841162594818865
sub-104,4,0.5551740534067174
sub-104,5,0.09672431286348263
sub-104,6,0.3041865123535354
sub-104,7,0.10972187784410786
sub-104,8,0.10353929969495627
sub-104,9,0.14718128989891605
sub-104,10,0.35474121109397777
sub-104,11,0.42529882022933524
sub-104,12,0.7941061740260867
sub-104,13,0.1167058574673451
sub-104,14,0.3892164838570483
sub-104,15,0.07878337998622117
sub-104,16,0.04529281789996463
sub-104,17,0.9037616104450654
sub-104,18,0.21452300996008428
sub-104,19,0.5998646036047313
sub-104,20,0.0924372952783342
sub-104,21,0.05457699566091017
sub-104,22,0.03522428371795738
sub-104,23,0.7683378131411072
sub-104,24,0.5754661174891321
sub-104,25,0.41641029589636935
sub-104,26,0.32467585670603605
sub-104,27,0.9963481150227024
sub-104,28,0.2729133086823082
sub-104,29,0.16344985381565913
sub-104,30,0.4109739396643219
sub-104,31,0.29151019555727475
sub-104,32,0.23591589054290135
sub-104,33,0.4771215570477538
sub-104,34,0.027794252755125037
sub-104,35,0.11476673409841448
sub-104,36,0.0296128294374355
sub-104,37,0.19965704537825263
sub-104,38,0.5954909278050523
sub-104,39,0.043631082196904376
sub-104,40,0.031192814976253518
sub-104,41,0.04022591102336534
sub-104,42,0.3115862380563805
sub-104,43,0.1207916334700945
sub-104,44,0.05191994595028817
sub-104,45,0.08405590378840164
sub-104,46,0.6286049373067288
sub-104,47,0.033075237262456224
sub-104,48,0.23912070161354185
sub-104,49,0.04499877051955737
sub-104,50,0.03003686765543302
sub-104,51,0.0335012487582791
sub-104,52,0.03145736484670725
sub-104,53,0.686451311672923
sub-104,54,0.043005711898572746
sub-104,55,0.10498026488764689
sub-104,56,0.03475799307864657
sub-104,57,0.4756562281692985
sub-104,58,0.5004304022549237
sub-104,59,0.04431059802702675
sub-104,60,0.045280703215614705
sub-104,61,0.4153843814458342
sub-104,62,0.027836312817510166
sub-104,63,0.03185179281420518
sub-104,64,0.058657978926178835
sub-104,65,0.0341286532125212
sub-104,66,0.030815297325689012
sub-104,67,0.038745588606583566
sub-112,0,0.06339456984841735
sub-112,1,0.9634832998714654
sub-112,2,0.10138493946420603
sub-112,3,0.37194900187332336
sub-112,4,0.04056888921478278
sub-112,5,0.06339025739647992
sub-112,6,0.07694979230813598
sub-112,7,0.04930420286123067
sub-112,8,0.08611226565667683
sub-112,9,0.12918322548429642
sub-112,10,0.09596362209974606
sub-112,11,0.06119849699314217
sub-112,12,0.1465983587239248
sub-112,13,0.05004850077644176
sub-112,14,0.07316531143798885
sub-112,15,0.06274353754285349
sub-112,16,0.04410337970384334
sub-112,17,0.05033320013082183
sub-112,18,0.042997973821819885
sub-112,19,0.2732820800897606
sub-112,20,0.06689734581227039
sub-112,21,0.7464466188129437
sub-112,22,0.5624941309253292
sub-112,23,0.2650708692665584
sub-112,24,0.08842688909685058
sub-112,25,0.9627539161287927
sub-112,26,0.7786155755438436
sub-112,27,0.07830289967060777
sub-112,28,0.8822779954721526
sub-112,29,0.06618410647049144
sub-112,30,0.24854687571668005
sub-112,31,0.03471821437891953
sub-112,32,0.05160408168453347
sub-112,33,0.11053838540409153
sub-112,34,0.03190547457178885
sub-112,35,0.9945902857337084
sub-112,36,0.04197224264438166
sub-112,37,0.05582249093801926
sub-112,38,0.047032119748673745
sub-112,39,0.04641022643766159
sub-112,40,0.03421349157093723
sub-112,41,0.03345402443466785
sub-112,42,0.8093079783903938
sub-112,43,0.03766677572145205
sub-112,44,0.6556419133651981
sub-112,45,0.08051514298514792
sub-112,46,0.9963661219155064
sub-112,47,0.04058578581091083
sub-112,48,0.12550292987316908
sub-112,49,0.3290409430137518
sub-112,50,0.039001337460897165
sub-112,51,0.05531584633215766
sub-112,52,0.039911860191541124
sub-112,53,0.049854225063879654
sub-112,54,0.042867212965254926
sub-112,55,0.3283957408052518
sub-112,56,0.05131571142564381
sub-112,57,0.9902490218837778
sub-112,58,0.643160078902
sub-112,59,0.09322035967540156
sub-112,60,0.1921457318869206
sub-112,61,0.0702487481327567
sub-112,62,0.037814576840783036
sub-112,63,0.02931563215609666
sub-112,64,0.5245552887417059
sub-112,65,0.08515520350116704
sub-112,66,0.0395171419140273
sub-112,67,0.4816349920725978
sub-113,0,0.02424581004216587
sub-113,1,0.04245961496729621
sub-113,2,0.7102464097342843
sub-113,3,0.038445867390400436
sub-113,4,0.027934774012370513
sub-113,5,0.036410732783910826
sub-113,6,0.032266590239314184
sub-113,7,0.0491339738407104
sub-113,8,0.03853435444925403
sub-113,9,0.030380601935394137
sub-113,10,0.03316645489419074
sub-113,11,0.03268504580269773
sub-113,12,0.06296516088475962
sub-113,13,0.02966557020986943
sub-113,14,0.025954016292350914
sub-113,15,0.05414666984954139
sub-113,16,0.5131684014954792
sub-113,17,0.02709693890717558
sub-113,18,0.14347572430854447
sub-113,19,0.030272296679705157
sub-113,20,0.07571235756303844
sub-113,21,0.04474822878611251
sub-113,22,0.13639967388209134
sub-113,23,0.043084758262936444
sub-113,24,0.03216609082182081
sub-113,25,0.20579392336828908
sub-113,26,0.03697375470457781
sub-113,27,0.16862418290719172
sub-113,28,0.027938245264949584
sub-113,29,0.03344998426668321
sub-113,30,0.04703493276499631
sub-113,31,0.02981191234459234
sub-113,32,0.024917736628039533
sub-113,33,0.03734444414486724
sub-113,34,0.029344565337356892
sub-113,35,0.039368197419243585
sub-113,36,0.14460857058178211
sub-113,37,0.030276598820914755
sub-113,38,0.9241976190649235
sub-113,39,0.02866768215881007
sub-113,40,0.035253920312586756
sub-113,41,0.04831860888955651
sub-113,42,0.05402338814939791
sub-113,43,0.027869532546970742
sub-113,44,0.023372995924310237
sub-113,45,0.03872026387090955
sub-113,46,0.0322589946242632
sub-113,47,0.03228412710037519
sub-113,48,0.039762573339026774
sub-113,49,0.9578783098349752
sub-113,50,0.03754348037754659
sub-113,51,0.024229456751307964
sub-113,52,0.03244365158912098
sub-113,53,0.03989011107128106
sub-113,54,0.04105129353292527
sub-113,55,0.08967265779786586
sub-113,56,0.29547949814438734
sub-113,57,0.08004372877685399
sub-113,58,0.06448820890824228
sub-113,59,0.050520284953469274
sub-113,60,0.7475929806639933
sub-113,61,0.9506413288148918
sub-113,62,0.03380150079979821
sub-113,63,0.03886010726009858
sub-113,64,0.030575932007682792
sub-113,65,0.03126823150217
sub-113,66,0.03374162043526274
sub-113,67,0.039979426187588235
sub-118,0,0.030772710688165197
sub-118,1,0.7742705230295376
sub-118,2,0.12623086044284929
sub-118,3,0.06466844738942143
sub-118,4,0.03746561416154565
sub-118,5,0.03776433561038192
sub-118,6,0.04367254587286777
sub-118,7,0.03244158991301902
sub-118,8,0.7895351138443909
sub-118,9,0.030968596140320777
sub-118,10,0.29354107422999237
sub-118,11,0.04585194138091748
sub-118,12,0.18939626011317368
sub-118,13,0.03696599688319332
sub-118,14,0.12707623389085262
sub-118,15,0.05814599483024017
sub-118,16,0.12521669129216056
sub-118,17,0.08788959687188823
sub-118,18,0.08606400473033686
sub-118,19,0.05413505706976942
sub-118,20,0.11220269989773306
sub-118,21,0.995881969942794
sub-118,22,0.05212152799030369
sub-118,23,0.5854142502603674
sub-118,24,0.9958030308019311
sub-118,25,0.12674225976105477
sub-118,26,0.9944450014206063
sub-118,27,0.20080630698056534
sub-118,28,0.03606184943941106
sub-118,29,0.0330555487386299
sub-118,30,0.2518247388677008
sub-118,31,0.03460826646191925
sub-118,32,0.03463636186311138
sub-118,33,0.07417556869014472
sub-118,34,0.03329421671086221
sub-118,35,0.28049660387005
sub-118,36,0.04495568501098794
sub-118,37,0.2842350270336679
sub-118,38,0.13992325853126636
sub-118,39,0.1531586142340953
sub-118,40,0.06236403137752026
sub-118,41,0.03872003286046609
sub-118,42,0.5445115514688034
sub-118,43,0.04623241093125841
sub-118,44,0.3544406973983208
sub-118,45,0.06852801078668119
sub-118,46,0.09432960695409018
sub-118,47,0.03822729635182523
sub-118,48,0.08305098389107807
sub-118,49,0.500338526552833
sub-118,50,0.04537640124064997
sub-118,51,0.09219370448233631
sub-118,52,0.05720410186167063
sub-118,53,0.041018085018565464
sub-118,54,0.033381635597792995
sub-118,55,0.4069058536063494
sub-118,56,0.047662763581287695
sub-118,57,0.6345662243643384
sub-118,58,0.5341094853995152
sub-118,59,0.6687904205049939
sub-118,60,0.3596938295953755
sub-118,61,0.06103894117283119
sub-118,62,0.0636001339491954
sub-118,63,0.04913711882122213
sub-118,64,0.733060078737954
sub-118,65,0.0642051152555158
sub-118,66,0.066309799490385
sub-118,67,0.14617658828002625
sub-119,0,0.8653932193480025
sub-119,1,0.8058626585428221
sub-119,2,0.17608282343063553
sub-119,3,0.210009229545918
sub-119,4,0.7841110673715749
sub-119,5,0.6785027044766138
sub-119,6,0.4717547856922738
sub-119,7,0.7966567822142813
sub-119,8,0.664756381969717
sub-119,9,0.29986957754222565
sub-119,10,0.7860891861282763
sub-119,11,0.5353256486542496
sub-119,12,0.28080805100487244
sub-119,13,0.8935006806179572
sub-119,14,0.8566727825902127
sub-119,15,0.4444582213510971
sub-119,16,0.16264566479034634
sub-119,17,0.5252023969295745
sub-119,18,0.7205100450915387
sub-119,19,0.7741798506915935
sub-119,20,0.7492761928975689
sub-119,21,0.8380563826665979
sub-119,22,0.6541124834289541
sub-119,23,0.9131752942772957
sub-119,24,0.4654235953031139
sub-119,25,0.26809948139260453
sub-119,26,0.8729943086292005
sub-119,27,0.275105312547349
sub-119,28,0.5771646976094742
sub-119,29,0.12102637664386764
sub-119,30,0.12555208965419365
sub-119,31,0.8034572819823106
sub-119,32,0.1289285866437103
sub-119,33,0.7221640862020703
sub-119,34,0.11013451924539176
sub-119,35,0.7750754947595909
sub-119,36,0.080938082953552
sub-119,37,0.4143363042776893
sub-119,38,0.2613747635648289
sub-119,39,0.4928550785009557
sub-119,40,0.10988327572373112
sub-119,41,0.07983734444700881
sub-119,42,0.6491562373363949
sub-119,43,0.20992248634965216
sub-119,44,0.12616398552470875
sub-119,45,0.13665174928210075
sub-119,46,0.46534142230048914
sub-119,47,0.09361732968944515
sub-119,48,0.20728938829700086
sub-119,49,0.4707262969755054
sub-119,50,0.0855205220497784
sub-119,51,0.0785190506504408
sub-119,52,0.08078373026281277
sub-119,53,0.2355041970689051
sub-119,54,0.5185919426621842
sub-119,55,0.7895382201867197
sub-119,56,0.2767899979021864
sub-119,57,0.9530840359832697
sub-119,58,0.8733141324880451
sub-119,59,0.44196292199026277
sub-119,60,0.09384103141945507
sub-119,61,0.5957369167673221
sub-119,62,0.11444587897408319
sub-119,63,0.0862247215491475
sub-119,64,0.11299615920264405
sub-119,65,0.3315880715203346
sub-119,66,0.1505263456393219
sub-119,67,0.11495232708228072
sub-132,0,0.12019602975494798
sub-132,1,0.14215609202404972
sub-132,2,0.1245331442133158
sub-132,3,0.1009512046766592
sub-132,4,0.1134172576776248
sub-132,5,0.09857689655514193
sub-132,6,0.1246777500349067
sub-132,7,0.20455469816482463
sub-132,8,0.18641067156530988
sub-132,9,0.1807514660838433
sub-132,10,0.10253354156201908
sub-132,11,0.10115738029274184
sub-132,12,0.10741557064992675
sub-132,13,0.10161652571494444
sub-132,14,0.16226288131479652
sub-132,15,0.09958076977284366
sub-132,16,0.10004863666883437
sub-132,17,0.1201726863561768
sub-132,18,0.11564846891250653
sub-132,19,0.1018665326399077
sub-132,20,0.11164985879550317
sub-132,21,0.18362461339670808
sub-132,22,0.10105501518030612
sub-132,23,0.09711559896496723
sub-132,24,0.14344001281120222
sub-132,25,0.09703531208556464
sub-132,26,0.10133142347616289
sub-132,27,0.2638818761142031
sub-132,28,0.09375547086408212
sub-132,29,0.09471080850238951
sub-132,30,0.12421311602395467
sub-132,31,0.3511425987234994
sub-132,32,0.13887730958115638
sub-132,33,0.10614893747926034
sub-132,34,0.8935900571155743
sub-132,35,0.09839186560201751
sub-132,36,0.13531041594329313
sub-132,37,0.23206602675923796
sub-132,38,0.10367640510354702
sub-132,39,0.1057404926562349
sub-132,40,0.311721183388482
sub-132,41,0.69190778599569
sub-132,42,0.14062743727662116
sub-132,43,0.24097660914404256
sub-132,44,0.25830951619985465
sub-132,45,0.10509381819134882
sub-132,46,0.1630893937154351
sub-132,47,0.7966594954454876
sub-132,48,0.15873139227152142
sub-132,49,0.2373727340945245
sub-132,50,0.2142180229036495
sub-132,51,0.4150216946801223
sub-132,52,0.5036883187665061
sub-132,53,0.14871065763048702
sub-132,54,0.15366508865300818
sub-132,55,0.10900032577329026
sub-132,56,0.12186787823830353
sub-132,57,0.21258186847195762
sub-132,58,0.11274016530011131
sub-132,59,0.14380644773098514
sub-132,60,0.09274564893898378
sub-132,61,0.1274041523430438
sub-132,62,0.9295111054134524
sub-132,63,0.9293151923790897
sub-132,64,0.10669638322595103
sub-132,65,0.7700035739965818
sub-132,66,0.8661621254801717
sub-132,67,0.14936207354131323
sub-133,0,0.0938226414017861
sub-133,1,0.09415477590459272
sub-133,2,0.9060880721957135
sub-133,3,0.20409180930288215
sub-133,4,0.42788755360611525
sub-133,5,0.2155476810366961
sub-133,6,0.5228886581111655
sub-133,7,0.6714904852956008
sub-133,8,0.31743748805867167
sub-133,9,0.5676853583392256
sub-133,10,0.9151603079381363
sub-133,11,0.5668094508693217
sub-133,12,0.3903054351411547
sub-133,13,0.681733198892757
sub-133,14,0.1553241777389553
sub-133,15,0.12980150467745355
sub-133,16,0.9295232713393744
sub-133,17,0.48045461725400146
sub-133,18,0.3472057381745489
sub-133,19,0.34549628329230636
sub-133,20,0.3081983978092256
sub-133,21,0.08663855705593655
sub-133,22,0.5153902431698201
sub-133,23,0.11663210236508724
sub-133,24,0.2293675020072512
sub-133,25,0.8694334105324991
sub-133,26,0.9309719043681692
sub-133,27,0.28682206612573746
sub-133,28,0.46119937945912126
sub-133,29,0.11404815661140244
sub-133,30,0.3965210086200458
sub-133,31,0.6702540473958897
sub-133,32,0.09470651789521022
sub-133,33,0.9221957238899235
sub-133,34,0.4477953627732315
sub-133,35,0.08460933739675121
sub-133,36,0.9239550051006775
sub-133,37,0.09085897979193108
sub-133,38,0.090876529902318
sub-133,39,0.10786009789786175
sub-133,40,0.8368263854526725
sub-133,41,0.116716522894432
sub-133,42,0.09252062738842685
sub-133,43,0.09174719502320378
sub-133,44,0.10341174008591461
sub-133,45,0.08962584211111217
sub-133,46,0.2984977263988717
sub-133,47,0.10331937837178176
sub-133,48,0.09123194938215609
sub-133,49,0.24111345793091893
sub-133,50,0.14722017144757021
sub-133,51,0.08189734810399737
sub-133,52,0.08589748800533818
sub-133,53,0.1533851277869249
sub-133,54,0.3023534141287782
sub-133,55,0.09237394964794222
sub-133,56,0.9271052739094475
sub-133,57,0.10959405663804733
sub-133,58,0.10311121353181597
sub-133,59,0.587519222580887
sub-133,60,0.6590069395227741
sub-133,61,0.23527822480411412
sub-133,62,0.11699107752569388
sub-133,63,0.1116405941148534
sub-133,64,0.8903499780387839
sub-133,65,0.12744202225245943
sub-133,66,0.09009651280073748
sub-133,67,0.10917295905699309
sub-135,0,0.08833443759650812
sub-135,1,0.1710908833012086
sub-135,2,0.12367119256692705
sub-135,3,0.13333583112315936
sub-135,4,0.44198177679757616
sub-135,5,0.10575919423928327
sub-135,6,0.09721359501469118
sub-135,7,0.10909242332363535
sub-135,8,0.17971039233854186
sub-135,9,0.3565262994522562
sub-135,10,0.8307299296614696
sub-135,11,0.11422210331735688
sub-135,12,0.24108313409576004
sub-135,13,0.15045437701952502
sub-135,14,0.10743394772978185
sub-135,15,0.08734332137189282
sub-135,16,0.1541190291715016
sub-135,17,0.21974527921936973
sub-135,18,0.7417784402246305
sub-135,19,0.1499704322366932
sub-135,20,0.08720698381081499
sub-135,21,0.0886088098828332
sub-135,22,0.09591121401660507
sub-135,23,0.11375701311081184
sub-135,24,0.2066344689783638
sub-135,25,0.9272607043383123
sub-135,26,0.4502287649696662
sub-135,27,0.09819854936645998
sub-135,28,0.2388274088772775
sub-135,29,0.10313190803623869
sub-135,30,0.8578551341492161
sub-135,31,0.0893331465929916
sub-135,32,0.09906537848114384
sub-135,33,0.17246389349175575
sub-135,34,0.09723947531753933
sub-135,35,0.0953851960251853
sub-135,36,0.5856187980618563
sub-135,37,0.13809471442569587
sub-135,38,0.09388826668932536
sub-135,39,0.1534848762355097
sub-135,40,0.3266545315645216
sub-135,41,0.0932164940865105
sub-135,42,0.1835822502950628
sub-135,43,0.7490780078064934
sub-135,44,0.6440482322495289
sub-135,45,0.47299601031610033
sub-135,46,0.2619807110220983
sub-135,47,0.2845051160611365
sub-135,48,0.11875620288394141
sub-135,49,0.09412353120747324
sub-135,50,0.2806955624896292
sub-135,51,0.5580323651964765
sub-135,52,0.4170014046195577
sub-135,53,0.3098794905270448
sub-135,54,0.09739438988389029
sub-135,55,0.096299614917476
sub-135,56,0.4795047648264599
sub-135,57,0.10658027391161355
sub-135,58,0.09024769905505857
sub-135,59,0.9361041707647388
sub-135,60,0.7717134159690735
sub-135,61,0.18936259969688082
sub-135,62,0.09301595071179869
sub-135,63,0.0942060928048561
sub-135,64,0.9204877003807053
sub-135,65,0.08734707988460529
sub-135,66,0.08762122775051683
sub-135,67,0.5928969823157391
